rho_pol, ne, Te, Ti, dn_dR, dTe_dR, dTi_dR, D, chi_e, chi_i, Gamma, Qe, Qi
9.230410806651562217e-01,1.829815360913304576e+19,3.012752326027704157e+02,3.168204958551170876e+02,-2.152451437935108424e+20,-7.846082952076736547e+03,-3.262464755867564691e+03,-8.934836415052598291e-01,4.089171974522232134e-02,1.863253480638067672e-01,-1.923180148929493402e+20,-1.298264093726445208e+04,-1.285963108173928413e+04
9.242849993544645093e-01,1.811453094431545754e+19,2.945818474018374218e+02,3.140373321479694937e+02,-2.155710211588691722e+20,-7.774438914893134097e+03,-3.257573642430107157e+03,-9.071232797916789492e-01,4.497367864244744551e-02,1.781570954457489253e-01,-1.955494917416748319e+20,-1.282790902854149499e+04,-1.307261067032507708e+04
9.255289180437729080e-01,1.792980003788142387e+19,2.879907831281447557e+02,3.112541684408216724e+02,-2.159503694921788948e+20,-7.585644340525399457e+03,-3.192261863963413816e+03,-9.320321953744905574e-01,4.905563753967294438e-02,1.701503960389755821e-01,-2.012726969697279017e+20,-1.286005660199821250e+04,-1.349390486014169437e+04
9.267728367330811956e-01,1.774497429342281114e+19,2.816005067172184226e+02,3.085744028369762759e+02,-2.134849705489673421e+20,-7.350415698619907744e+03,-2.866351828334617949e+03,-9.512749441566883402e-01,5.209227311469384614e-02,1.624121956211307394e-01,-2.030829034372611768e+20,-1.265384949463331941e+04,-1.373529998403658465e+04
9.280167554223895943e-01,1.756391224151145882e+19,2.753930466436724487e+02,3.063415830190305655e+02,-2.107102909517870531e+20,-7.071026957084938658e+03,-2.747503217451391265e+03,-9.576950040044077683e-01,5.362317695905226278e-02,1.597192179302281967e-01,-2.017961929368416420e+20,-1.228736845558622736e+04,-1.362025087417913892e+04
9.292606741116978819e-01,1.738329728835633766e+19,2.694633308772023383e+02,3.038584075687352311e+02,-2.089029428333831782e+20,-6.822035063553448708e+03,-2.958184595406929475e+03,-9.479265683380463381e-01,5.515408080341054065e-02,1.674522318866669968e-01,-1.980246497157680005e+20,-1.177468072846843461e+04,-1.307973495070720310e+04
9.305045928010062806e-01,1.720479584935125402e+19,2.636655688686573740e+02,3.012562904671983119e+02,-2.073597853486001357e+20,-6.685564428417691488e+03,-3.022801645936595833e+03,-9.369602487306515348e-01,5.668498464776894341e-02,1.760517677886490051e-01,-1.942878760569588941e+20,-1.126533037834263632e+04,-1.259809569842651035e+04
9.317485114903145682e-01,1.702629441034618061e+19,2.579530675054740527e+02,2.986541733656615634e+02,-2.070460881037470925e+20,-6.616048648989840331e+03,-3.018228702602861176e+03,-9.247986457492397561e-01,5.675159235668725266e-02,1.869337831840811037e-01,-1.914759418860231066e+20,-1.084471096775535443e+04,-1.220263372235008865e+04
9.329924301796229669e-01,1.684779297134108672e+19,2.522577300131793834e+02,2.960520562641247011e+02,-2.052982156431721431e+20,-6.464378979270985838e+03,-2.930268714583786732e+03,-8.960853333361229467e-01,5.675159235668725266e-02,1.959151828595374067e-01,-1.839647199979231642e+20,-1.016131597035222330e+04,-1.153802850840115934e+04
9.342363488689312545e-01,1.667176818670766080e+19,2.467898342522804569e+02,2.935939389239111392e+02,-2.020256071756466749e+20,-6.312945582015437139e+03,-2.753656218732239267e+03,-8.528989740345567228e-01,5.588671248656008894e-02,2.010711014487484016e-01,-1.723074330888174305e+20,-9.276160164472736142e+03,-1.067761689971756823e+04
9.354802675582396532e-01,1.649838797351507763e+19,2.413394371878443962e+02,2.912895845231874432e+02,-1.992485139926853550e+20,-6.242480251086596581e+03,-3.051807982193228327e+03,-8.119813891266552952e-01,5.440200565050204440e-02,2.061545379282294643e-01,-1.617860851732024852e+20,-8.485014579469720047e+03,-9.661668316951037923e+03
9.367241862475479408e-01,1.632664170172314829e+19,2.359769793733635197e+02,2.883077777343693242e+02,-1.974692087738001654e+20,-6.169183305566199124e+03,-3.448242787222939114e+03,-7.682559210029474839e-01,5.291729881444413169e-02,2.110527153101044995e-01,-1.517068888562391777e+20,-7.748723652112345007e+03,-8.606828439284536216e+03
9.379681049368562284e-01,1.615582210143683789e+19,2.306372539350485340e+02,2.853076377433446851e+02,-1.925463605565773906e+20,-6.115565521063635970e+03,-3.453538380947476526e+03,-7.316776779134879227e-01,5.160427892356413831e-02,2.157257072405352749e-01,-1.408818739827297485e+20,-6.991177251659116337e+03,-7.730555086561305870e+03
9.392120236261646271e-01,1.599210594580456243e+19,2.253516145077548458e+02,2.823074977523197617e+02,-1.871020020877011190e+20,-6.042005784003012195e+03,-3.448265954828053509e+03,-7.151156494052862689e-01,5.799279322201844611e-02,2.187873118107906689e-01,-1.337995697279756206e+20,-6.347829670491981233e+03,-7.143942578469395812e+03
9.404559423154729147e-01,1.583024849069015040e+19,2.201236430848120165e+02,2.793073577612950658e+02,-1.822704497552215900e+20,-5.959302823269428700e+03,-3.312698967246862139e+03,-6.993596699949451434e-01,6.438130752047219185e-02,2.196671320985299491e-01,-1.274726015906419999e+20,-5.769770414308515683e+03,-6.710220929976043408e+03
9.416998610047813134e-01,1.567445396015134925e+19,2.149660343028313605e+02,2.765342887311620643e+02,-1.781746617132948521e+20,-5.954236850037372278e+03,-3.316814373924149095e+03,-6.848606159621875022e-01,6.892577631520899195e-02,2.172172633602333092e-01,-1.220248085698214953e+20,-5.272819859568727225e+03,-6.299560931908204111e+03
9.429437796940896011e-01,1.551925820844137677e+19,2.097309768057604629e+02,2.735181112523090405e+02,-1.762429019920510812e+20,-6.018344534189143815e+03,-3.639195661439492142e+03,-6.868879673298584621e-01,7.189461692582489738e-02,2.159978665002913467e-01,-1.210591287056354345e+20,-5.025441846927518782e+03,-6.002493997134865822e+03
9.441876983833979997e-01,1.536636289849884877e+19,2.044453373784668031e+02,2.701725933538092477e+02,-1.740963947001006653e+20,-6.037990882867565233e+03,-3.821714827027961292e+03,-6.972097792448317399e-01,7.486345753644106649e-02,2.187193329050579060e-01,-1.213817089161782723e+20,-4.850520924459875459e+03,-5.822715127133880742e+03
9.454316170727062874e-01,1.521445126658674893e+19,1.991596979511735981e+02,2.668270754553098527e+02,-1.716381212911633039e+20,-6.028701935199140280e+03,-3.815835436064845453e+03,-7.078860602741506858e-01,7.783229814705697192e-02,2.206369426751589868e-01,-1.215002334736584049e+20,-4.671092748025560468e+03,-5.738374317127786526e+03
9.466755357620146860e-01,1.506539687600360038e+19,1.938740585238798815e+02,2.634815575568100599e+02,-1.691480364323328164e+20,-6.046063777674017729e+03,-3.765015252508330377e+03,-7.187849883622139391e-01,8.622657598745658847e-02,2.206369426751589868e-01,-1.215810693985056850e+20,-4.405990041581784681e+03,-5.692980494275876481e+03
9.479194544513229737e-01,1.491739388498888909e+19,1.885416150419581527e+02,2.602149645719916862e+02,-1.674312193937713725e+20,-6.065849577489453623e+03,-3.649923835891106137e+03,-7.518471344071346874e-01,9.474380903941308218e-02,2.198458052117345796e-01,-1.258826825114992804e+20,-4.329907205142386374e+03,-5.953803334248897045e+03
9.491633731406313723e-01,1.477090010731200922e+19,1.832047633565393596e+02,2.570616629903590251e+02,-1.646729260962598093e+20,-6.058976840214041658e+03,-4.021701093670047612e+03,-8.188230648657665034e-01,1.006612621406797747e-01,2.140805800659470459e-01,-1.348379900465533256e+20,-4.492906441052835362e+03,-6.291893942809297187e+03
9.504072918299396600e-01,1.462730035720158618e+19,1.778679116711210497e+02,2.531301966892201847e+02,-1.615154344786528174e+20,-6.059303673458969570e+03,-4.463448043600287747e+03,-8.899328411375165837e-01,1.039269447964983467e-01,2.084994317800245578e-01,-1.437378894931479101e+20,-4.667965564321637430e+03,-6.562440612203496130e+03
9.516512105192479476e-01,1.448592780533722522e+19,1.725139354380590930e+02,2.491865080998354074e+02,-1.584405579299444818e+20,-6.093380989315658553e+03,-4.463444729920058307e+03,-9.565548790632422138e-01,1.071926274523169187e-01,2.033412080969991820e-01,-1.515570887293906780e+20,-4.767048361181328801e+03,-6.968942222370507807e+03
9.528951292085563463e-01,1.434731919546989568e+19,1.671002653654526284e+02,2.452428195104502606e+02,-1.560238788544687964e+20,-6.079405648128386929e+03,-4.412595465425336442e+03,-1.008079667420521242e+00,1.120185625969028764e-01,1.971611233675469310e-01,-1.572844999052726108e+20,-4.750379842238312449e+03,-7.269440962432359811e+03
9.541390478978646339e-01,1.420978756296491827e+19,1.617542455657182927e+02,2.413768369760322514e+02,-1.526460916628812595e+20,-5.968746419769439854e+03,-4.196575702810570874e+03,-9.997662219113480075e-01,1.213466327923602844e-01,1.879714325487442661e-01,-1.526104063513321144e+20,-4.283123754021153218e+03,-7.056125762431990552e+03
9.553829665871730326e-01,1.407673241488561152e+19,1.565198183965497662e+02,2.378037957101581412e+02,-1.494184745169556275e+20,-5.842807253493970165e+03,-4.626748307371276496e+03,-9.914527764021744405e-01,1.306747029878185251e-01,1.812801068501698198e-01,-1.481413614056132116e+20,-3.850071108350221493e+03,-6.573996794100196894e+03
9.566268852764813202e-01,1.394450511699662643e+19,1.513807344952899143e+02,2.331623567263372649e+02,-1.452206764034220196e+20,-5.732808480593856984e+03,-5.386224241864666510e+03,-9.831393308930018726e-01,1.458127920294973179e-01,1.768254130961131043e-01,-1.427721586310894715e+20,-3.326230215267532913e+03,-5.871745784640675993e+03
9.578708039657897189e-01,1.381849624256979149e+19,1.463255502295592976e+02,2.282258350099210986e+02,-1.412369403907443753e+20,-5.538497827386375320e+03,-5.543409237876406223e+03,-9.260268957792622269e-01,1.610072478982521871e-01,1.754403174593947012e-01,-1.307892054794017178e+20,-2.624752274217805279e+03,-5.019900318628631794e+03
9.591147226550980065e-01,1.369295622587916493e+19,1.415164384897187233e+02,2.232893132935053870e+02,-1.395784034001562665e+20,-5.328788246944431194e+03,-5.374915819858674695e+03,-7.967912067609648208e-01,1.762017037670056685e-01,1.909011641233903933e-01,-1.112148444829792666e+20,-1.722343402512445664e+03,-3.716574722582896811e+03
9.603586413444064052e-01,1.356950796435858432e+19,1.368197400308640681e+02,2.186377396963499677e+02,-1.369772237447378043e+20,-5.064611722055519749e+03,-4.903118552626225210e+03,-6.466962582132834703e-01,1.993640520680542705e-01,2.071381670369815686e-01,-8.858265805616567091e+19,-7.174767854430765510e+02,-2.446216185152400612e+03
9.616025600337146928e-01,1.344822088271553536e+19,1.324675655902530025e+02,2.145289780440106711e+02,-1.331829339281456169e+20,-4.827643408364979223e+03,-5.177697563912771329e+03,-5.338367853867093116e-01,2.238341619789915304e-01,2.301702954422349956e-01,-7.109794931657175859e+19,6.484495551093687027e+01,-1.097675835370761433e+03
9.628464787230230915e-01,1.333117415346059469e+19,1.281805651963994990e+02,2.093721351951729162e+02,-1.291997097628937748e+20,-4.641411169944024550e+03,-5.806339963367488963e+03,-4.108872113181362695e-01,2.551810961972987846e-01,2.573020760506053994e-01,-5.308650844758800794e+19,8.943100734423123868e+02,5.197366159746638914e+02
9.640903974123313791e-01,1.321664759653729894e+19,1.241484537354289301e+02,2.041218863527628855e+02,-1.261416237872124723e+20,-4.457183366225118334e+03,-5.849140106731496417e+03,-3.416197849186274338e-01,2.871700329976106802e-01,2.957318186859029252e-01,-4.309247438747394048e+19,1.424515965442019251e+03,1.548761566327315904e+03
9.653343161016396667e-01,1.310472209309488333e+19,1.201789371341818651e+02,1.988716375103528549e+02,-1.240338029831650673e+20,-4.221581971584527309e+03,-5.479960117005242864e+03,-2.602697010606343508e-01,3.198666040802248811e-01,3.297831175748834887e-01,-3.228224082384198861e+19,1.902599732912549825e+03,2.251258361295038867e+03
9.665782347909480654e-01,1.299362443984276890e+19,1.165576960959548529e+02,1.942684595089492063e+02,-1.231250961352005878e+20,-3.973854732527157466e+03,-4.747708896547717814e+03,-1.946779508011115545e-01,3.585869926057291268e-01,3.661124502476962861e-01,-2.396974140779071078e+19,2.294828518975451516e+03,2.499217771212811385e+03
9.678221534802563530e-01,1.288297924285348045e+19,1.130222005914687031e+02,1.903212238588504590e+02,-1.215404037139873300e+20,-3.811358262975094476e+03,-4.857638684465796359e+03,-1.338063035879296092e-01,3.973073811312299308e-01,4.063691227397024930e-01,-1.626287215755331584e+19,2.683566162535496915e+03,3.330265459693941921e+03
9.690660721695647517e-01,1.277438536045961830e+19,1.096826269729298957e+02,1.855060710305924943e+02,-1.199286912364682772e+20,-3.657795673469854592e+03,-5.330247958517088591e+03,-1.078064908240613379e-01,4.370672847443913822e-01,4.439939615559674868e-01,-1.292909135132600320e+19,2.930907201638382958e+03,4.266798239518156151e+03
9.703099908588730393e-01,1.266630077637659034e+19,1.064135604984110586e+02,1.806909182023349558e+02,-1.214833364615228129e+20,-3.567034682457136114e+03,-5.321706679845158760e+03,-8.629840275603127553e-02,4.778219891704141853e-01,4.816188003722290389e-01,-1.048381789810295603e+19,3.190400432289176024e+03,4.745550669794335590e+03
9.715539095481814380e-01,1.255454579907818701e+19,1.032276236542476511e+02,1.758757653740769911e+02,-1.241073928394500997e+20,-3.437452463786004046e+03,-4.988120099746516644e+03,-6.415986905258878881e-02,5.185766935964406521e-01,5.216261296750206444e-01,-7.962714073037314048e+18,3.387678669379463372e+03,4.896580954280525475e+03
9.727978282374897256e-01,1.244135161010120294e+19,1.001830528054467493e+02,1.716497689843263288e+02,-1.303488483221627372e+20,-3.304985794797942617e+03,-4.554906608977017640e+03,-4.094051503172966427e-02,5.582658900409164238e-01,5.621991593364381590e-01,-5.336548984102153216e+18,3.548927093149714892e+03,4.883752670340789336e+03
9.740417469267981243e-01,1.231790334858062234e+19,9.722757112284639902e+01,1.676065380229319999e+02,-1.370822116336542843e+20,-3.229043188579046273e+03,-4.896759715278039948e+03,-3.144924155529340432e-02,5.978581722353304428e-01,5.823547864292898391e-01,-4.311131586600645120e+18,3.708805030460153830e+03,5.453609506935592435e+03
9.752856656161064119e-01,1.219208368189245440e+19,9.431141639017856448e+01,1.627455856142373420e+02,-1.417818182593224212e+20,-3.195717327717267381e+03,-5.337834296014678330e+03,-2.195796807885799784e-02,6.352784248289956581e-01,6.015326672288560106e-01,-3.113240639500647936e+18,3.894715856245507439e+03,6.149651729979103038e+03
9.765295843054148106e-01,1.205967327519997747e+19,9.140714696570336173e+01,1.578846332055422579e+02,-1.513424232519058063e+20,-3.171092525136589757e+03,-5.329211776519544401e+03,-1.345575068409782596e-02,6.715119392295854084e-01,6.186671952358683280e-01,-2.036425915204854272e+18,4.069235701746527866e+03,6.292426079177175779e+03
9.777735029947230982e-01,1.191599470374922650e+19,8.852649715834272115e+01,1.530236807968476000e+02,-1.658119228006405571e+20,-3.146558419429576134e+03,-5.087274558004351093e+03,-5.142305174925051667e-03,7.077454536301718280e-01,6.352862638038039300e-01,-8.526555086820070400e+17,4.233004400970205097e+03,6.138110798078776497e+03
9.790174216840314969e-01,1.175669786154105446e+19,8.565768201392870651e+01,1.485890464493290324e+02,-1.800958379831670538e+20,-3.070418845733265698e+03,-4.968986427201752122e+03,4.504067107879129402e-05,7.492488924707141340e-01,6.492755415522218909e-01,8.111637401259115000e+15,4.332996487715072362e+03,6.076666794083452260e+03
9.802613403733397845e-01,1.158638522360877670e+19,8.290704936382914525e+01,1.439294948820792683e+02,-1.902796985613157663e+20,-2.948029274954994435e+03,-5.507026865360947340e+03,3.779757040501091538e-03,7.927154592632985608e-01,6.632648193006387416e-01,7.192110303015586560e+17,4.352029354274425714e+03,6.804639697074316246e+03
9.815052590626480722e-01,1.140788378460370125e+19,8.025345803153491886e+01,1.384937577388989780e+02,-1.995069867488352010e+20,-2.714861775364605364e+03,-5.920797609141779503e+03,6.679758065084502074e-03,8.304599781014831983e-01,6.827819355598852002e-01,1.332658403776238848e+18,4.146049451515031251e+03,7.432401147447150834e+03
9.827491777519564708e-01,1.122006041070848819e+19,7.792215510966146041e+01,1.330580205957182329e+02,-2.061435078091836293e+20,-2.667174421963444274e+03,-5.911155517315585712e+03,1.470685690750359910e-02,8.666148474086047271e-01,7.037518767739185943e-01,3.031723071760514560e+18,4.211425802759221369e+03,7.574319389394978316e+03
9.839930964412647585e-01,1.102875590717212672e+19,7.534813654901313384e+01,1.276222834525379426e+02,-2.107640325544672297e+20,-2.990009383491042172e+03,-5.394075485138953809e+03,3.333241274508710883e-02,9.065492804543356931e-01,7.373849031560758549e-01,7.025273724924477440e+18,4.916290784422776596e+03,7.242939529349722761e+03
9.852370151305731572e-01,1.083180140065368064e+19,7.241410865022199062e+01,1.231213232254982444e+02,-2.135543669908670710e+20,-3.021525363086491780e+03,-4.781804700754355508e+03,5.001572169950148361e-02,9.554376568230107392e-01,7.706806699935839777e-01,1.068107578712841421e+19,5.195332793278146710e+03,6.710848212112616238e+03
9.864809338198814448e-01,1.063471288111068160e+19,6.977292395013927262e+01,1.187990651738844576e+02,-2.046059522963442893e+20,-2.723384998945639381e+03,-4.652274248843274108e+03,6.547742836866293770e-02,1.001582335216530506e+00,8.036720276269815333e-01,1.339707158528594944e+19,4.871742085738864262e+03,6.752349234913845976e+03
9.877248525091898435e-01,1.045365082919933542e+19,6.738077710691533184e+01,1.145230388353433852e+02,-1.924330620333445612e+20,-2.478661412448740975e+03,-4.619674694963231559e+03,1.472086174817318627e-01,1.053599743047608284e+00,8.509021798572926620e-01,2.832780501970499994e+19,4.832114428107126514e+03,7.362542766710658725e+03
9.889687711984981311e-01,1.027847617788229427e+19,6.518436645040382871e+01,1.102470124968026823e+02,-1.755459632292203069e+20,-2.322689567746659122e+03,-4.595633058456618528e+03,2.622012384229053805e-01,1.117489047930708246e+00,9.500376590684039835e-01,4.602836895884337152e+19,4.994892441828946176e+03,8.408547768738053492e+03
9.902126898878065298e-01,1.012814148084602061e+19,6.307388702686813531e+01,1.060015012584532883e+02,-1.535329887050614047e+20,-2.096944748503796745e+03,-3.632424572286185139e+03,3.837853919751083032e-01,1.204636403316695414e+00,1.044900470169729312e+00,5.892371825128186675e+19,4.991683698717455627e+03,7.659256382466333889e+03
9.914566085771148174e-01,9.993315825102247936e+18,6.128966271743404803e+01,1.035004267550902739e+02,-1.291933066342373786e+20,-1.886654856504954523e+03,-2.406849803820409761e+03,5.072073553668254853e-01,1.251246260964436807e+00,1.158544225142918327e+00,6.552779538904689050e+19,4.744352466593215468e+03,6.093849907756048196e+03
9.927005272664231050e-01,9.887791853925472256e+18,5.956397770801620339e+01,1.015238277049789133e+02,-1.074088026516522271e+20,-1.756316468087436533e+03,-1.848005852169167838e+03,6.466168791090168844e-01,1.274362161621917622e+00,1.235810644639291134e+00,6.945234475944765850e+19,4.539423513322089093e+03,5.311942926201160844e+03
9.939444459557315037e-01,9.793163566488047616e+18,5.801683312385690527e+01,1.000567374473943687e+02,-9.556849247861995930e+19,-1.655551115890461915e+03,-1.571948245159368525e+03,8.547315597180332736e-01,1.277861071954899508e+00,1.238532111044057693e+00,8.168540663615196365e+19,4.457847010458720433e+03,5.018450051428460029e+03
9.951883646450397913e-01,9.709404805014446080e+18,5.647374503587142414e+01,9.858964718980990938e+01,-9.900451623374548173e+19,-1.638904993455271779e+03,-1.569144895930192661e+03,1.049735319249281540e+00,1.234621769118982915e+00,1.240672878499265330e+00,1.039285374557514957e+20,4.557710829643083343e+03,5.490317126418945918e+03
9.964322833343481900e-01,9.608032720254382080e+18,5.495220658077468556e+01,9.712255693222535058e+01,-1.131803156983004201e+20,-1.688831595783783996e+03,-1.586494598636586034e+03,1.222151269155208997e+00,1.182961353837283847e+00,1.238094054891083262e+00,1.383234664740650844e+20,4.901625560556041819e+03,6.251624730541754616e+03
9.976762020236564776e-01,9.497387523265093632e+18,5.331010759537366539e+01,9.561771456850858897e+01,-1.584339950912139100e+20,-1.891111978840855954e+03,-1.722253420075300255e+03,1.266582954878029188e+00,1.093881326519460240e+00,1.224641167892429827e+00,2.006697976557608960e+20,5.718079990391177489e+03,7.819798423951675431e+03
9.989201207129648763e-01,9.310710952171769856e+18,5.140329173540043683e+01,9.389052688937817948e+01,-2.081032499133410836e+20,-2.175341808163758742e+03,-2.772136334530523527e+03,1.151781462136450385e+00,9.253217027438220832e-01,9.807411102059235830e-01,2.396894654605351322e+20,5.963074525828809783e+03,9.463067298640646186e+03
1.000164039402273275e+00,9.106153546701671424e+18,4.922046638916003047e+01,9.040610003492507474e+01,-2.820530597682051809e+20,-2.463964987319913689e+03,-4.293640751047210870e+03,9.972066684258406033e-01,7.602755682634871892e-01,7.148802787732413400e-01,2.812651920507663811e+20,6.059483931775292149e+03,1.058808536001640823e+04
1.001407958091581563e+00,8.779497228885683200e+18,4.676270384021344739e+01,8.580396015724947745e+01,-3.699392822669369016e+20,-2.794627912253441991e+03,-4.878307408844991187e+03,8.504589995938011127e-01,5.481367621922650368e-01,4.549988387924179256e-01,3.146181919071879823e+20,5.689882043695781249e+03,9.608862446646893659e+03
1.002651876780889850e+00,8.408160500936459264e+18,4.394762584002705097e+01,8.120182027957389437e+01,-4.385344017996461507e+20,-3.093548590251294172e+03,-4.869513535930970647e+03,7.225137600943679628e-01,3.676702379390900943e-01,1.944653219838922142e-01,3.168471395749967299e+20,4.878171602191680904e+03,7.458105725090025771e+03
1.003895795470198138e+00,7.950586232597049344e+18,4.091532577023926365e+01,7.659968040189829708e+01,-5.371896085684138803e+20,-3.381159501370500038e+03,-5.039695627218310619e+03,5.816285625996798769e-01,3.517246566195607604e-01,1.967980467762507346e-01,3.124448198751312282e+20,4.586654963202405270e+03,7.014384134481452747e+03
1.005139714159506426e+00,7.390935937143704576e+18,3.754504759942933134e+01,7.165863086511873803e+01,-6.209889576419832627e+20,-3.604507795967012953e+03,-6.032797685745897979e+03,4.341485783894555861e-01,3.472699628655042670e-01,1.991307715686093105e-01,2.696014731558168822e+20,3.914456613722773909e+03,6.064812468911260112e+03
1.006383632848814935e+00,6.772547586008423424e+18,3.407744333557738514e+01,6.515524369589731180e+01,-6.707943547398389760e+20,-3.624100655810461376e+03,-7.380447602703478879e+03,2.881130750609953717e-01,3.428152691114469963e-01,2.043643166444507608e-01,1.932646242776511939e+20,2.930560949325865749e+03,4.662355059848885503e+03
1.007627551538123223e+00,6.116104071130864640e+18,3.065751348555458122e+01,5.763223108569077624e+01,-6.974634995980303073e+20,-3.564200046332757211e+03,-7.902581632840333441e+03,1.845502678004120600e-01,3.550954489725629548e-01,2.119613158392408547e-01,1.287170756318290903e+20,2.188324062695572593e+03,3.423811562068020066e+03
1.008871470227431510e+00,5.444620347438692352e+18,2.729142753981956204e+01,5.010921847548422647e+01,-6.672711354062699233e+20,-3.247096685773291938e+03,-6.913314278155175998e+03,2.081895501961069928e-01,4.912335438842782565e-01,3.763003233964751226e-01,1.389188775390769316e+20,2.302324241376869850e+03,3.941842524266801775e+03
1.010115388916739798e+00,4.843346018391274496e+18,2.446397650253231504e+01,4.444572270587857332e+01,-6.067577231166832640e+20,-2.843565651910857923e+03,-5.281625349267629645e+03,2.289633927909980604e-01,6.489342068985887169e-01,5.187962593373343090e-01,1.389253068869367890e+20,2.248464946150855212e+03,3.609809870551227959e+03
1.011359307606048308e+00,4.285173109933535744e+18,2.185768650256116175e+01,4.001661365573835383e+01,-5.018627133366467953e+20,-2.356851074937881549e+03,-4.295398292567984754e+03,2.513262019173554407e-01,8.467707266194943738e-01,6.780649771280250482e-01,1.261312496268379587e+20,2.032518195450239091e+03,3.212304505050788521e+03
1.012603226295356595e+00,3.882587558144050688e+18,1.995205611152608327e+01,3.622267656188690665e+01,-3.943366375714803548e+20,-1.792372835015552937e+03,-3.956359717818796980e+03,2.874846031239044475e-01,1.010589681160569242e+00,8.925426256810782277e-01,1.133657117494519726e+20,1.670174246429271307e+03,3.183155400935948364e+03
1.013847144984664883e+00,3.528877675011905536e+18,1.842010737943420651e+01,3.242873946803546659e+01,-3.533788274745792922e+20,-1.296000135992951755e+03,-3.767368978580006569e+03,4.310937052543182268e-01,1.500993510993555713e+00,1.384068329534918540e+00,1.523393880944428646e+20,1.774029888781222326e+03,4.134902102903740342e+03
1.015091063673973171e+00,3.203600656473162752e+18,1.746190376371400177e+01,2.898400239315485649e+01,-2.403825096003251077e+20,-8.860359398279443894e+02,-2.535600545874481668e+03,5.636820944179062876e-01,1.866774579902447995e+00,1.872589503765318408e+00,1.354993164729437225e+20,1.417443770310371292e+03,3.380558003436362924e+03
1.016334982363281680e+00,3.066154000060176384e+18,1.671453484465124717e+01,2.754784191543306804e+01,-1.331140017835000463e+20,-6.852396465878698564e+02,-1.291357003802996360e+03,6.932448938696216256e-01,2.398669073479488212e+00,2.479030433941170397e+00,9.228060203896310989e+19,1.178009128105580885e+03,2.183352467661347873e+03
1.017578901052589968e+00,2.946891092647742976e+18,1.614042316486941786e+01,2.649362806177280660e+01,-7.269351029590328934e+19,-5.290436474020092419e+02,-8.577127793807119360e+02,8.036854617890596408e-01,2.721198214715515373e+00,2.951961868409123113e+00,5.842271739123079578e+19,9.062340410884073663e+02,1.567249824532647608e+03
1.018822819741898256e+00,2.925706220374816768e+18,1.569239400523103356e+01,2.589069459951140573e+01,-2.188941731444738458e+19,-4.354650912335628163e+02,-6.229852131396120285e+02,9.234499223073867613e-01,2.679761117279253924e+00,2.827151467584334998e+00,2.021378071838040474e+19,6.231675249015241889e+02,9.512663574979633268e+02
1.020066738431206543e+00,2.904521348101890560e+18,1.529752522888713706e+01,2.528776113724999774e+01,-3.409405380407050650e+19,-3.619333160315684950e+02,-6.218331142500397846e+02,1.053355006986151921e+00,2.504775370939371637e+00,2.720226694483601548e+00,3.591314228297292595e+19,5.538435975036510399e+02,1.005306397793947895e+03
1.021310657120515053e+00,2.859590584421880832e+18,1.499052817550317940e+01,2.468482767498848318e+01,-5.174085287950120550e+19,-3.096885961286249085e+02,-5.800026663882675848e+02,1.163951943267786504e+00,2.353585450289250147e+00,2.574306118509908536e+00,6.022386625542807552e+19,5.508437996454794074e+02,1.041234471977512158e+03
1.022554575809823341e+00,2.803998564917100032e+18,1.469585830863089981e+01,2.416092462344662906e+01,-6.712267713561178112e+19,-3.937253199508761554e+02,-5.331266925755321608e+02,1.206518698972071757e+00,2.208329487506606625e+00,2.443298256763668075e+00,8.098476508918076211e+19,6.765595648997168610e+02,1.055310089195310638e+03
1.023798494499131628e+00,2.728941289302076928e+18,1.422417114509936731e+01,2.364713624838130812e+01,-7.881575184035461530e+19,-4.837688158567149799e+02,-8.526005619276024845e+02,1.149844237876290087e+00,2.081150558319622590e+00,2.322964539949750939e+00,9.062583810751935283e+19,7.499126389577547798e+02,1.380827343630473933e+03
1.025042413188439916e+00,2.650303753640990720e+18,1.375248398156782592e+01,2.249830922741771388e+01,-8.573959606975007949e+19,-4.828675053617265007e+02,-1.159889791462857829e+03,1.063185387943441640e+00,1.978127690770045799e+00,2.182538839536154462e+00,9.115708570953121792e+19,7.067951389055053824e+02,1.567649336732847132e+03
1.026286331877748204e+00,2.561432536182787584e+18,1.328079681803624368e+01,2.138106897456680144e+01,-9.131487817860207411e+19,-4.819661948667321667e+02,-1.057041281495842213e+03,9.892824684998321461e-01,1.876195612211874142e+00,2.041141749533520677e+00,9.033620809528891802e+19,6.593533304720976957e+02,1.349476713563156409e+03
1.027530250567056713e+00,2.471568994502083072e+18,1.280910965450457795e+01,2.042931430986975272e+01,-9.441298636041415885e+19,-4.810648843717190744e+02,-9.706767177945303047e+02,9.273872922338279867e-01,1.798003433706201193e+00,1.904637729800480184e+00,8.755740377249382400e+19,6.119796653333819449e+02,1.161852493774116283e+03
1.028774169256365001e+00,2.376287474950330368e+18,1.233742249097299570e+01,1.947755964517287808e+01,-9.679296342814456218e+19,-4.429474809635672159e+02,-7.507257666765318618e+02,9.252652088517823170e-01,1.822473543617137981e+00,1.927971507692718633e+00,8.955916152172511232e+19,5.728232635717226913e+02,9.701674854135727628e+02
1.030018087945673289e+00,2.281400473384897536e+18,1.193885354905992102e+01,1.895436815927044805e+01,-9.596084045221317837e+19,-3.640639698777451940e+02,-4.997688814132413881e+02,9.191553627141854088e-01,1.847920957634939576e+00,1.971316161012681478e+00,8.820292111221207859e+19,4.989270248210443697e+02,7.618130529615757496e+02
1.031262006634981576e+00,2.187399260286274048e+18,1.162080315990366230e+01,1.849382032703081435e+01,-9.322874371698456986e+19,-3.716631353220044502e+02,-6.043989094740712744e+02,9.141738370367077371e-01,1.873368792500750057e+00,2.008001874281380772e+00,8.522727836586763878e+19,4.819805047180083761e+02,8.040388956898761990e+02
1.032505925324290086e+00,2.097544322843703040e+18,1.120589769624038112e+01,1.776243472268420476e+01,-8.851717379252674560e+19,-4.487213469602343139e+02,-7.236283197556180085e+02,9.425156657111233294e-01,1.905823077476706873e+00,2.044687587550086505e+00,8.342882298393054413e+19,5.120196375082527993e+02,8.532832243935894212e+02
1.033749844013598373e+00,2.012505254916985600e+18,1.073421053270884684e+01,1.706406099538580889e+01,-8.352152244322918400e+19,-3.344113068917527016e+02,-6.806462112271783553e+02,1.063432924949867076e+00,1.954711453845383584e+00,2.205322323973292420e+00,8.881953690806917530e+19,4.398516948974569800e+02,8.481456590100031008e+02
1.034993762702906661e+00,1.932206980197019392e+18,1.054390453310008091e+01,1.641504266666262879e+01,-7.948942108323009331e+19,-1.530274772709082640e+02,-5.790329246174985656e+02,1.171253262816167595e+00,2.002622813168382088e+00,2.379298226968557195e+00,9.310224380310151168e+19,3.307535322534537841e+02,7.936952126721688501e+02
1.036237681392214949e+00,1.854849750989051136e+18,1.043070317644436074e+01,1.591563487430670598e+01,-7.040033145010594611e+19,-2.591966718558544471e+02,-3.860610133781517561e+02,1.310767954078092767e+00,2.049389915905580839e+00,2.531423640199510494e+00,9.227849842127498445e+19,3.891388463423908206e+02,6.433185475561647308e+02
1.037481600081523236e+00,1.792311611409065728e+18,1.002884425922078115e+01,1.564788508758980434e+01,-6.061987215579715994e+19,-3.997505236949704681e+02,-3.458719781944718079e+02,1.377065752946704746e+00,2.096157018642780034e+00,2.699564568405135923e+00,8.347754989375579750e+19,4.417714243851517040e+02,5.819839657588298678e+02
1.038725518770831746e+00,1.734158978998025984e+18,9.634822261608928073e+00,1.522702312746777942e+01,-5.533318791811382477e+19,-2.671143330641113494e+02,-4.737310959964760855e+02,1.317283028885812168e+00,1.968625559866981956e+00,2.599095708164429031e+00,7.288946937868080742e+19,3.148442373336358742e+02,6.087690742636686991e+02
1.039969437460140034e+00,1.681935078666664960e+18,9.496014775890646575e+00,1.470290436633210618e+01,-5.161078489720290509e+19,-1.420878234372004840e+02,-5.387049552808332464e+02,1.248002736003471336e+00,1.796506876297270683e+00,2.459097435159826261e+00,6.441040075899586150e+19,2.157568586796380998e+02,5.845115501146680117e+02
1.041213356149448321e+00,1.631009955082956032e+18,9.350846338224776844e+00,1.415037043896273161e+01,-4.616053260918931456e+19,-1.546022855271456820e+02,-5.565466659963525444e+02,1.196224325210386796e+00,1.682203404665531421e+00,2.314141439106878639e+00,5.521835197177954304e+19,1.920298670227433888e+02,5.242806298179636997e+02
1.042457274838756609e+00,1.589501306562583808e+18,9.186432723443934023e+00,1.358845215397284178e+01,-3.942752608484691149e+19,-1.998934068723062580e+02,-4.461439792786044336e+02,1.114061107779851456e+00,1.539363210958194061e+00,2.182556257618756490e+00,4.392467338710354330e+19,1.753180320747262613e+02,3.913773276682947539e+02
1.043701193528065119e+00,1.551906362351199232e+18,8.949799449993358635e+00,1.325527010827923213e+01,-3.107163794728672051e+19,-2.886754279414385564e+02,-3.233313069554270101e+02,9.379645771218303452e-01,1.416106314876012906e+00,1.897688276046925804e+00,2.914409574770940723e+19,1.643111211626983277e+02,2.453769220273843814e+02
1.044945112217373406e+00,1.527041697721489664e+18,8.606142931774583005e+00,1.293849778102422832e+01,-2.122329995630244659e+19,-2.703877797834731496e+02,-3.702858244522776658e+02,7.663793005613561693e-01,1.293648861841190989e+00,1.614310481740571568e+00,1.626509777611492966e+19,1.192062185204691929e+02,1.968005213024438547e+02
1.046189030906681694e+00,1.509161091082046720e+18,8.405218775993308356e+00,1.250948749926351589e+01,-1.772129267753770394e+19,-1.991339467606606775e+02,-4.251878539726856729e+02,6.106950830117321427e-01,1.166942675159235776e+00,1.353859565239629692e+00,1.082230630278408806e+19,7.804006255487472288e+01,1.717044034800125019e+02
